timestamp,content,ml_prediction,evidence_status,evidence_score,source_credibility,final_verdict,final_confidence
2026-09-08 12:29:28,"NEW DELHI (Reuters) - India's Reserve Bank kept its benchmark repo rate unchanged on Friday, extending a pause aimed at supporting economic growth while inflation remains within the central bank's target range. The Monetary Policy Committee voted unanimously in favor of the decision. Governor Shaktikanta Das said the central bank would remain watchful of global economic headwinds in the coming months.
",REAL,RELEVANT,59.09,53.0,LIKELY TRUE,65
2026-09-08 12:33:08,"WASHINGTON (Reuters) - The Federal Reserve held interest rates steady on Wednesday, as policymakers weighed persistent inflation against signs of a slowing labor market. Chair Jerome Powell said the central bank would continue to monitor incoming economic data before making further changes. Analysts said the decision was widely expected and markets showed little reaction following the announcement.
",REAL,SUPPORTING,68.18,50.0,LIKELY TRUE,85
2026-09-08 12:33:29,"In a shocking revelation that mainstream media refuses to cover, insiders claim that world governments have been secretly manipulating the weather for decades using hidden technology. Whistleblowers say the truth is being suppressed to avoid public panic. Share this before it gets deleted!",FAKE,INSUFFICIENT EVIDENCE,20.69,51.0,LIKELY FALSE,65
2026-09-08 12:34:07,"A small town in Ohio reported unusual seismic activity overnight, prompting local officials to investigate potential causes.",FAKE,RELEVANT,35.71,44.0,LIKELY FALSE,65
2026-09-08 12:36:08,"WASHINGTON - The Federal Reserve's rate-setting committee is scheduled to meet on September 15-16, 2026, its sixth meeting of the year, to decide on the direction of interest rates. Earlier in the year the central bank kept its key rate unchanged at around 3.6 percent following a series of cuts made the previous year. Chair Jerome Powell has said the Fed will continue to weigh incoming inflation and employment data before deciding on any further rate changes.",FAKE,RELEVANT,56.25,58.0,LIKELY FALSE,65
2026-09-08 12:38:41,"The Federal Reserve is preparing for its next policy meeting on September 15-16, 2026, at which the central bank is expected to announce its interest rate decision along with updated economic projections. The current target range for the federal funds rate stands at 3.50 percent to 3.75 percent following the committee's most recent meeting in March. Chair Jerome Powell is scheduled to hold a press conference after the announcement to explain the committee's reasoning and economic outlook.",FAKE,SUPPORTING,70.45,50.0,LIKELY FALSE,65
2026-09-08 12:41:17,"NASA's Artemis 2 mission launched earlier this year, sending astronauts Reid Wiseman, Victor Glover, Christina Koch, and Canadian astronaut Jeremy Hansen on a roughly ten-day journey around the Moon and back. It was the first crewed lunar mission since the Apollo program ended in the 1970s. The capsule did not land on the Moon, but the flight tested life-support and navigation systems for future landing missions.",FAKE,CONTRADICTING,61.7,74.0,LIKELY FALSE,90
2026-09-08 12:41:28,"NASA's (Retuers) Artemis 2 mission launched earlier this year, sending astronauts Reid Wiseman, Victor Glover, Christina Koch, and Canadian astronaut Jeremy Hansen on a roughly ten-day journey around the Moon and back. It was the first crewed lunar mission since the Apollo program ended in the 1970s. The capsule did not land on the Moon, but the flight tested life-support and navigation systems for future landing missions.",FAKE,CONTRADICTING,79.17,50.0,LIKELY FALSE,85
2026-09-08 12:41:46,"NASA's Artemis 2 mission launched earlier this year, sending astronauts Reid Wiseman, Victor Glover, Christina Koch, and Canadian astronaut Jeremy Hansen on a roughly ten-day journey around the Moon and back. It was the first crewed lunar mission since the Apollo program ended in the 1970s. The capsule did not land on the Moon, but the flight tested life-support and navigation systems for future landing missions.",FAKE,CONTRADICTING,61.7,74.0,LIKELY FALSE,90
2026-09-08 13:00:34,"NASA's Artemis 2 mission launched earlier this year, sending astronauts Reid Wiseman, Victor Glover, Christina Koch, and Canadian astronaut Jeremy Hansen on a roughly ten-day journey around the Moon and back. It was the first crewed lunar mission since the Apollo program ended in the 1970s. The capsule did not land on the Moon, but the flight tested life-support and navigation systems for future landing missions.",FAKE,SUPPORTING,61.7,74.0,LIKELY TRUE,90
2026-09-08 13:00:51,"NASA's Artemis 2 mission launched earlier this year, sending astronauts Reid Wiseman, Victor Glover, Christina Koch, and Canadian astronaut Jeremy Hansen on a roughly ten-day journey around the Moon and back. It was the first crewed lunar mission since the Apollo program ended in the 1970s. The capsule did not land on the Moon, but the flight tested life-support and navigation systems for future landing missions",FAKE,SUPPORTING,61.7,74.0,LIKELY TRUE,90
2026-09-13 21:39:29,"In a shocking revelation that mainstream media refuses to cover, insiders claim that world governments have been secretly manipulating the weather for decades using hidden technology. Whistleblowers say the truth is being suppressed to avoid public panic. Share this before it gets deleted!",FAKE,RELEVANT,37.93,50.0,LIKELY FALSE,65
2026-09-13 21:39:43,"NASA's Artemis 2 mission launched earlier this year, sending astronauts Reid Wiseman, Victor Glover, Christina Koch, and Canadian astronaut Jeremy Hansen on a roughly ten-day journey around the Moon and back. The capsule did not land on the Moon, but the flight tested life-support and navigation systems for future landing missions.",REAL,SUPPORTING,82.05,50.0,LIKELY TRUE,85
